{
  "viewBox": [
    0,
    0,
    1000,
    1000
  ],
  "characters": [
    {
      "char": "O",
      "position": [
        105.7737809879685,
        40
      ]
    },
    {
      "char": "R",
      "position": [
        205.7737809879685,
        40
      ]
    },
    {
      "char": "L",
      "position": [
        305.7737809879685,
        40
      ]
    },
    {
      "char": "I",
      "position": [
        405.7737809879685,
        40
      ]
    },
    {
      "char": "E",
      "position": [
        505.7737809879685,
        40
      ]
    },
    {
      "char": "V",
      "position": [
        605.7737809879685,
        40
      ]
    }
  ],
  "obstacles": [
    {
      "box": [
        -100,
        -100,
        1200,
        100
      ]
    },
    {
      "box": [
        -100,
        1000,
        1200,
        100
      ],
      "isRough": false
    },
    {
      "box": [
        -100,
        -100,
        100,
        1200
      ]
    },
    {
      "box": [
        1000,
        -100,
        100,
        1200
      ]
    },
    {
      "box": [
        -275,
        -25,
        550,
        50
      ],
      "position": [
        150,
        300
      ],
      "angle": 0.2
    },
    {
      "box": [
        -275,
        -25,
        550,
        50
      ],
      "position": [
        850,
        300
      ],
      "angle": -0.2
    },
    {
      "position": [
        -100,
        500
      ],
      "radius": 30,
      "anim": {
        "timeOffset": 0,
        "keyframes": [
          {
            "time": 0,
            "position": [
              1100,
              500
            ],
            "angle": 0
          },
          {
            "time": 8000,
            "position": [
              -100,
              500
            ],
            "angle": 0
          }
        ],
        "isFrozen": false
      }
    },
    {
      "position": [
        -100,
        500
      ],
      "radius": 30,
      "anim": {
        "timeOffset": 1142.857142857143,
        "keyframes": [
          {
            "time": 0,
            "position": [
              1100,
              500
            ],
            "angle": 0
          },
          {
            "time": 8000,
            "position": [
              -100,
              500
            ],
            "angle": 0
          }
        ],
        "isFrozen": false
      }
    },
    {
      "position": [
        -100,
        500
      ],
      "radius": 30,
      "anim": {
        "timeOffset": 2285.714285714286,
        "keyframes": [
          {
            "time": 0,
            "position": [
              1100,
              500
            ],
            "angle": 0
          },
          {
            "time": 8000,
            "position": [
              -100,
              500
            ],
            "angle": 0
          }
        ],
        "isFrozen": false
      }
    },
    {
      "position": [
        -100,
        500
      ],
      "radius": 30,
      "anim": {
        "timeOffset": 3428.5714285714284,
        "keyframes": [
          {
            "time": 0,
            "position": [
              1100,
              500
            ],
            "angle": 0
          },
          {
            "time": 8000,
            "position": [
              -100,
              500
            ],
            "angle": 0
          }
        ],
        "isFrozen": false
      }
    },
    {
      "position": [
        -100,
        500
      ],
      "radius": 30,
      "anim": {
        "timeOffset": 4571.428571428572,
        "keyframes": [
          {
            "time": 0,
            "position": [
              1100,
              500
            ],
            "angle": 0
          },
          {
            "time": 8000,
            "position": [
              -100,
              500
            ],
            "angle": 0
          }
        ],
        "isFrozen": false
      }
    },
    {
      "position": [
        -100,
        500
      ],
      "radius": 30,
      "anim": {
        "timeOffset": 5714.285714285715,
        "keyframes": [
          {
            "time": 0,
            "position": [
              1100,
              500
            ],
            "angle": 0
          },
          {
            "time": 8000,
            "position": [
              -100,
              500
            ],
            "angle": 0
          }
        ],
        "isFrozen": false
      }
    },
    {
      "position": [
        -100,
        500
      ],
      "radius": 30,
      "anim": {
        "timeOffset": 6857.142857142857,
        "keyframes": [
          {
            "time": 0,
            "position": [
              1100,
              500
            ],
            "angle": 0
          },
          {
            "time": 8000,
            "position": [
              -100,
              500
            ],
            "angle": 0
          }
        ],
        "isFrozen": false
      }
    },
    {
      "position": [
        -100,
        625
      ],
      "radius": 30,
      "anim": {
        "timeOffset": 0,
        "keyframes": [
          {
            "time": 0,
            "position": [
              -100,
              625
            ],
            "angle": 0
          },
          {
            "time": 8000,
            "position": [
              1100,
              625
            ],
            "angle": 0
          }
        ],
        "isFrozen": false
      }
    },
    {
      "position": [
        -100,
        625
      ],
      "radius": 30,
      "anim": {
        "timeOffset": 1142.857142857143,
        "keyframes": [
          {
            "time": 0,
            "position": [
              -100,
              625
            ],
            "angle": 0
          },
          {
            "time": 8000,
            "position": [
              1100,
              625
            ],
            "angle": 0
          }
        ],
        "isFrozen": false
      }
    },
    {
      "position": [
        -100,
        625
      ],
      "radius": 30,
      "anim": {
        "timeOffset": 2285.714285714286,
        "keyframes": [
          {
            "time": 0,
            "position": [
              -100,
              625
            ],
            "angle": 0
          },
          {
            "time": 8000,
            "position": [
              1100,
              625
            ],
            "angle": 0
          }
        ],
        "isFrozen": false
      }
    },
    {
      "position": [
        -100,
        625
      ],
      "radius": 30,
      "anim": {
        "timeOffset": 3428.5714285714284,
        "keyframes": [
          {
            "time": 0,
            "position": [
              -100,
              625
            ],
            "angle": 0
          },
          {
            "time": 8000,
            "position": [
              1100,
              625
            ],
            "angle": 0
          }
        ],
        "isFrozen": false
      }
    },
    {
      "position": [
        -100,
        625
      ],
      "radius": 30,
      "anim": {
        "timeOffset": 4571.428571428572,
        "keyframes": [
          {
            "time": 0,
            "position": [
              -100,
              625
            ],
            "angle": 0
          },
          {
            "time": 8000,
            "position": [
              1100,
              625
            ],
            "angle": 0
          }
        ],
        "isFrozen": false
      }
    },
    {
      "position": [
        -100,
        625
      ],
      "radius": 30,
      "anim": {
        "timeOffset": 5714.285714285715,
        "keyframes": [
          {
            "time": 0,
            "position": [
              -100,
              625
            ],
            "angle": 0
          },
          {
            "time": 8000,
            "position": [
              1100,
              625
            ],
            "angle": 0
          }
        ],
        "isFrozen": false
      }
    },
    {
      "position": [
        -100,
        625
      ],
      "radius": 30,
      "anim": {
        "timeOffset": 6857.142857142857,
        "keyframes": [
          {
            "time": 0,
            "position": [
              -100,
              625
            ],
            "angle": 0
          },
          {
            "time": 8000,
            "position": [
              1100,
              625
            ],
            "angle": 0
          }
        ],
        "isFrozen": false
      }
    },
    {
      "position": [
        -100,
        750
      ],
      "radius": 30,
      "anim": {
        "timeOffset": 0,
        "keyframes": [
          {
            "time": 0,
            "position": [
              1100,
              750
            ],
            "angle": 0
          },
          {
            "time": 8000,
            "position": [
              -100,
              750
            ],
            "angle": 0
          }
        ],
        "isFrozen": false
      }
    },
    {
      "position": [
        -100,
        750
      ],
      "radius": 30,
      "anim": {
        "timeOffset": 1142.857142857143,
        "keyframes": [
          {
            "time": 0,
            "position": [
              1100,
              750
            ],
            "angle": 0
          },
          {
            "time": 8000,
            "position": [
              -100,
              750
            ],
            "angle": 0
          }
        ],
        "isFrozen": false
      }
    },
    {
      "position": [
        -100,
        750
      ],
      "radius": 30,
      "anim": {
        "timeOffset": 2285.714285714286,
        "keyframes": [
          {
            "time": 0,
            "position": [
              1100,
              750
            ],
            "angle": 0
          },
          {
            "time": 8000,
            "position": [
              -100,
              750
            ],
            "angle": 0
          }
        ],
        "isFrozen": false
      }
    },
    {
      "position": [
        -100,
        750
      ],
      "radius": 30,
      "anim": {
        "timeOffset": 3428.5714285714284,
        "keyframes": [
          {
            "time": 0,
            "position": [
              1100,
              750
            ],
            "angle": 0
          },
          {
            "time": 8000,
            "position": [
              -100,
              750
            ],
            "angle": 0
          }
        ],
        "isFrozen": false
      }
    },
    {
      "position": [
        -100,
        750
      ],
      "radius": 30,
      "anim": {
        "timeOffset": 4571.428571428572,
        "keyframes": [
          {
            "time": 0,
            "position": [
              1100,
              750
            ],
            "angle": 0
          },
          {
            "time": 8000,
            "position": [
              -100,
              750
            ],
            "angle": 0
          }
        ],
        "isFrozen": false
      }
    },
    {
      "position": [
        -100,
        750
      ],
      "radius": 30,
      "anim": {
        "timeOffset": 5714.285714285715,
        "keyframes": [
          {
            "time": 0,
            "position": [
              1100,
              750
            ],
            "angle": 0
          },
          {
            "time": 8000,
            "position": [
              -100,
              750
            ],
            "angle": 0
          }
        ],
        "isFrozen": false
      }
    },
    {
      "position": [
        -100,
        750
      ],
      "radius": 30,
      "anim": {
        "timeOffset": 6857.142857142857,
        "keyframes": [
          {
            "time": 0,
            "position": [
              1100,
              750
            ],
            "angle": 0
          },
          {
            "time": 8000,
            "position": [
              -100,
              750
            ],
            "angle": 0
          }
        ],
        "isFrozen": false
      }
    },
    {
      "position": [
        -100,
        875
      ],
      "radius": 30,
      "anim": {
        "timeOffset": 0,
        "keyframes": [
          {
            "time": 0,
            "position": [
              -100,
              875
            ],
            "angle": 0
          },
          {
            "time": 20000,
            "position": [
              1100,
              875
            ],
            "angle": 0
          }
        ],
        "isFrozen": false
      }
    },
    {
      "position": [
        -100,
        875
      ],
      "radius": 30,
      "anim": {
        "timeOffset": 2857.1428571428573,
        "keyframes": [
          {
            "time": 0,
            "position": [
              -100,
              875
            ],
            "angle": 0
          },
          {
            "time": 20000,
            "position": [
              1100,
              875
            ],
            "angle": 0
          }
        ],
        "isFrozen": false
      }
    },
    {
      "position": [
        -100,
        875
      ],
      "radius": 30,
      "anim": {
        "timeOffset": 5714.285714285715,
        "keyframes": [
          {
            "time": 0,
            "position": [
              -100,
              875
            ],
            "angle": 0
          },
          {
            "time": 20000,
            "position": [
              1100,
              875
            ],
            "angle": 0
          }
        ],
        "isFrozen": false
      }
    },
    {
      "position": [
        -100,
        875
      ],
      "radius": 30,
      "anim": {
        "timeOffset": 8571.42857142857,
        "keyframes": [
          {
            "time": 0,
            "position": [
              -100,
              875
            ],
            "angle": 0
          },
          {
            "time": 20000,
            "position": [
              1100,
              875
            ],
            "angle": 0
          }
        ],
        "isFrozen": false
      }
    },
    {
      "position": [
        -100,
        875
      ],
      "radius": 30,
      "anim": {
        "timeOffset": 11428.57142857143,
        "keyframes": [
          {
            "time": 0,
            "position": [
              -100,
              875
            ],
            "angle": 0
          },
          {
            "time": 20000,
            "position": [
              1100,
              875
            ],
            "angle": 0
          }
        ],
        "isFrozen": false
      }
    },
    {
      "position": [
        -100,
        875
      ],
      "radius": 30,
      "anim": {
        "timeOffset": 14285.714285714286,
        "keyframes": [
          {
            "time": 0,
            "position": [
              -100,
              875
            ],
            "angle": 0
          },
          {
            "time": 20000,
            "position": [
              1100,
              875
            ],
            "angle": 0
          }
        ],
        "isFrozen": false
      }
    },
    {
      "position": [
        -100,
        875
      ],
      "radius": 30,
      "anim": {
        "timeOffset": 17142.85714285714,
        "keyframes": [
          {
            "time": 0,
            "position": [
              -100,
              875
            ],
            "angle": 0
          },
          {
            "time": 20000,
            "position": [
              1100,
              875
            ],
            "angle": 0
          }
        ],
        "isFrozen": false
      }
    }
  ]
}